{
  "notes": {
    "First Note": {
      "content": "Hello This my first note la la la la",
      "created": "2025-06-10T20:14:24.762866",
      "modified": "2025-06-10T20:14:24.762866"
    }
  },
  "recent_activity": [
    "20:23 - Opened File Manager",
    "20:18 - Opened Security Tools",
    "20:18 - Played Tictactoe",
    "20:17 - Played Tictactoe",
    "20:17 - Played Tictactoe",
    "20:17 - Played Tictactoe",
    "20:17 - Opened Games",
    "20:14 - Opened Utilities",
    "20:14 - Opened Utilities",
    "20:14 - Created note: First Note",
    "20:13 - Opened Notes",
    "20:13 - Opened Notes",
    "20:13 - Opened Calculator"
  ],
  "game_stats": {
    "tictactoe": {
      "games_played": 4,
      "wins": 4,
      "losses": 0,
      "ties": 0,
      "best_score": 0
    }
  },
  "date_notes": {},
  "settings": {
    "theme": "light",
    "created_at": "2025-06-10T09:32:06.927167"
  },
  "last_updated": "2025-06-10T20:23:17.593199"
}